aaa,1111,홍길동,Pitbladdo,26947 Lakewood Hill,100000000
bbb,2222,유관순,Dopson,91728 Grayhawk Pass,60000000
c,3333,이순신,Cardon,37 Muir Terrace,100000000
4,1502,Elianore,Matveichev,94976 Meadow Ridge Pass,100000000
5,9202,Mirna,Drinkwater,819 Miller Lane,70000000
6,5685,Stavro,Budgen,94 Kennedy Court,100000000
7,9257,Worth,Scourge,0814 Oakridge Way,90000000
8,9604,Mara,Zum Felde,64652 Nobel Point,90000000
9,8864,Mathias,O'Daly,54900 Bobwhite Court,70000000
10,8076,Sandi,Leadston,13 Lukken Terrace,50000000
11,3654,Cristine,Willarton,25080 Summer Ridge Drive,80000000
12,1893,Jenn,Dafter,81 Granby Plaza,70000000
13,3324,Welch,Boykett,6 Veith Street,100000000
14,4152,Chrysler,Turnbull,8133 Esch Point,80000000
15,1761,Banky,Meharry,62 Independence Center,100000000
16,5748,Prue,Gilsthorpe,95 Mccormick Alley,60000000
17,9823,Yoko,Cluley,41 Reinke Crossing,80000000
18,4347,Mohandis,Coverdale,140 Pawling Court,70000000
19,5888,Parke,Limbert,9 Mitchell Center,60000000
20,3483,Ruby,Grube,047 Lakeland Alley,100000000
